Website,Agency,Bureau,Office
hud.gov,Department of Housing and Urban Development,Public Affairs,
hudhomestore.gov,Department of Housing and Urban Development,Office of Housing,
huduser.gov,Department of Housing and Urban Development,Policy Development and Research,
answers.hud.gov,Department of Housing and Urban Development,Office of Housing,
hudoig.gov,Department of Housing and Urban Development,Office of Inspector General,
ginniemae.gov,Department of Housing and Urban Development,Government National Mortgage Association,
resources.hud.gov,Department of Housing and Urban Development,Policy Development and Research,
my.ginniemae.gov,Department of Housing and Urban Development,Government National Mortgage Association,
archives.huduser.gov,Department of Housing and Urban Development,Policy Development and Research,
archives.hud.gov,Department of Housing and Urban Development,Public Affairs,
cpd2.hud.gov,Department of Housing and Urban Development,Community Planning and Development,
data.hud.gov,Department of Housing and Urban Development,Policy Development and Research,
entp.hud.gov ,Department of Housing and Urban Development,Office of Housing,
okta.hud.gov,Department of Housing and Urban Development,Office of the Chief Information Officer,
drgr.hud.gov,Department of Housing and Urban Development,Community Planning and Development,
hudapps.hud.gov,Department of Housing and Urban Development,Office of the Chief Information Officer,
idis.hud.gov,Department of Housing and Urban Development,Community Planning and Development,
esnaps.hud.gov,Department of Housing and Urban Development,Community Planning and Development,
portalapps.hud.gov,Department of Housing and Urban Development,Office of the Chief Information Officer,
heros.hud.gov,Department of Housing and Urban Development,Community Planning and Development,
apps.hud.gov,Department of Housing and Urban Development,Office of Housing,
egis.hud.gov,Department of Housing and Urban Development,Policy Development and Research,
hudapps2.hud.gov,Department of Housing and Urban Development,Office of the Chief Information Officer,
hudhousingcounselors.hud.gov,Department of Housing and Urban Development,Office of Housing,
access.ginniemae.gov,Department of Housing and Urban Development,Government National Mortgage Association,